Track Name,Artist Name(s),Release Date,Genres,Duration (ms)
"Aquarius/Let The Sunshine In (The Flesh Failures) - From the Musical ""Hair""",The 5th Dimension,1969,,289293
Move on Up - Single Edit,Curtis Mayfield,1970,"classic soul,soul,motown,funk",165789
Mississippi Queen,Mountain,1970,"classic rock,blues rock,southern rock",151293
I'm Your Boogie Man,KC & The Sunshine Band,1976,disco,241920
Sunny,Boney M.,1976,disco,242240
The Chain - 2004 Remaster,Fleetwood Mac,1977-02-04,"yacht rock,classic rock,soft rock",270213
Don't Bring Me Down,Electric Light Orchestra,1979-05-31,"art rock,soft rock",243132
I Ran (So Far Away),A Flock Of Seagulls,1981,"new wave,synthpop",306626
悲しみがとまらない　I CAN'T STOP THE LONELINESS,Anri,1983-12-05,"city pop,j-pop,kayōkyoku",263706
Cheri Cheri Lady,Modern Talking,1985,"europop,italo disco,eurodance",226333
Paradise City,Guns N' Roses,1987-07-21,"rock,glam metal,hard rock,classic rock",405600
House of the Rising Sun,The Animals,1987-10-19,classic rock,269906
Who Is It,Michael Jackson,1991-11-13,,395285
September,"Earth, Wind & Fire",1992-09-08,"funk,disco",214826
Sabotage,Beastie Boys,1994-05-23,"rap rock,old school hip hop,east coast hip hop,hip hop",178440
Midnight In A Perfect World,DJ Shadow,1996-01-01,"trip hop,plunderphonics,downtempo",298373
Dragula,Rob Zombie,1998-01-01,"industrial metal,industrial rock,alternative metal,metal,nu metal",222826
Butterfly,SMiLE.dk,1998-07-13,"europop,eurodance",177453
Music Sounds Better With You,Stardust;Benjamin Diamond;Alan Braxe;Thomas Bangalter,1998-07-20,french house,403293
"Right Here, Right Now",Fatboy Slim,1998-10-19,big beat,387706
Drive,Incubus,1999-10-26,"nu metal,funk rock,alternative metal,alternative rock",232453
Ante Up (Robbin Hoodz Theory),M.O.P.,2000,"east coast hip hop,hardcore hip hop,old school hip hop",232666
On the Bowl - A. Fagus Mix,Deavid Soul,2000,,337400
Miller Boll Breakers,Deavid Soul,2000,,331226
Up-Set Attack,Deavid Soul,2000,,216866
Yappie Feet,Deavid Soul,2000,,309386
Demon Speeding,Rob Zombie,2001-01-01,"industrial metal,industrial rock,alternative metal,metal,nu metal",224306
Duvet,bôa,2001-03-21,,203600
Suddenly,Solveig,2001-06-07,,202933
Jerk It Out,Caesars,2002,,195666
Go With The Flow,Queens of the Stone Age,2002,"stoner rock,alternative rock",187106
Rockstar,N.E.R.D,2002-03-12,,259493
A Modern Way of Letting Go,Idlewild,2002-07-15,britpop,143760
Ooh Ahh (My Life Be Like) [feat. Tobymac],Grits;TobyMac,2002-08-06,"christian hip hop,christian,christian pop,ccm,christian rock,christian edm,worship,christian alternative rock",233173
Edge Of The Earth,Thirty Seconds To Mars,2002-08-27,,277506
When I'm Gone,3 Doors Down,2002-11-12,post-grunge,260333
Sound Of The Underground,Girls Aloud,2003-01-01,,221426
Breathing,Yellowcard,2003-01-01,"pop punk,punk,emo",218706
Hot,Smash Mouth,2003-01-01,,151013
Simple And Clean,Hikaru Utada,2003-01-29,"j-pop,j-r&b,anime",300760
Faint,Linkin Park,2003-03-25,"nu metal,rap metal,rock,alternative metal",162106
You Spin Me Round (Like a Record),Dead Or Alive,2003-05-19,"hi-nrg,synthpop",195146
Pick Up,Bonobo,2003-06-17,"trip hop,downtempo,nu jazz,electronic",248746
Nothing Wrong,Jimmy Eat World,2004,"emo,pop punk",187266
Pain,Jimmy Eat World,2004,"emo,pop punk",181306
Before I Forget,Slipknot,2004,"nu metal,metal,alternative metal,rap metal,heavy metal",278600
Somebody Told Me,The Killers,2004,alternative rock,197200
No Pun Intended,The Hives,2004-01-01,garage rock,140533
Reinventing Your Exit,Underoath,2004-01-01,"post-hardcore,screamo,metalcore,emo",262573
Real Big,Mannie Fresh,2004-01-01,"southern hip hop,new orleans bounce",228826
Overnight Celebrity - Edited,Twista,2004-01-27,,235093
151,Jedi Mind Tricks,2004-05-25,"underground hip hop,hardcore hip hop,horrorcore,hip hop,east coast hip hop",192000
battlecry,Nujabes;Shing02,2004-06-23,"jazz rap,j-rap",202066
Reach For The Sky,Social Distortion,2004-09-28,"punk,skate punk,ska punk,psychobilly",211626
Let's Go (feat. Twista & Lil' Jon),Trick Daddy;Lil Jon;Twista,2004-10-26,"southern hip hop,crunk",222200
Dirt Off Your Shoulder / Lying From You,JAŸ-Z;Linkin Park,2004-11-23,"hip hop,east coast hip hop,rap,nu metal,rap metal,rock,alternative metal",244693
U Don't Know Me,T.I.,2004-11-28,southern hip hop,243506
Numb / Encore,JAŸ-Z;Linkin Park,2004-11-30,"hip hop,east coast hip hop,rap,nu metal,rap metal,rock,alternative metal",205733
Untouched,The Veronicas,2005,,255360
Get Your Shine On,Birdman;Lil Wayne,2005,"southern hip hop,rap,hip hop",281773
Like A Boss,Slim Thug,2005-01-01,"southern hip hop,crunk",198146
Joker And The Thief,Wolfmother,2005-01-01,stoner rock,279666
Inaction,We Are Scientists,2005-01-01,indie rock,152142
Kryptonite,Killer Mike;Blackowned C-Bone;Rock D The Legend;Big Boi,2005-01-01,"southern hip hop,alternative hip hop,crunk",272586
Welcome To Jamrock,Damian Marley,2005-01-01,"reggae,ragga,roots reggae",213200
Banquet,Bloc Party,2005-01-01,indie rock,200400
Galvanize,The Chemical Brothers,2005-01-01,"big beat,alternative dance,electronic,breakbeat",393813
Lousy Reputation,We Are Scientists,2005-01-01,indie rock,155333
Worth The Wait,We Are Scientists,2005-01-01,indie rock,163312
Banquet,Bloc Party,2005-02-02,indie rock,201360
Unconditional,The Bravery,2005-03-14,,199493
Dundy Lion,Markus Kienzl,2005-04-04,trip hop,291253
You Make Me Sick,Egypt Central,2005-04-26,,232640
Sittin' Sidewayz (feat. Big Pokey),Paul Wall;Big Pokey,2005-06-21,"southern hip hop,crunk",228933
Top Of The World,The All-American Rejects,2005-07-12,"pop punk,emo",203720
Living for the Weekend,Hard-Fi,2005-07-12,britpop,222293
Move Along,The All-American Rejects,2005-07-12,"pop punk,emo",238880
Sittin' Sidewayz (feat. Big Pokey),Paul Wall;Big Pokey,2005-07-19,"southern hip hop,crunk",228933
Stand Up,Pennywise,2005-08-09,"punk,skate punk,ska punk,melodic hardcore,hardcore punk,ska",197333
Bundy,Animal Alpha,2005-09-05,norsk rock,226480
March of the Dead,Story Of The Year,2005-10-10,"emo,post-hardcore,pop punk,screamo",229178
Sleep,Story Of The Year,2005-10-10,"emo,post-hardcore,pop punk,screamo",252826
Mockingbird,Eminem,2005-12-06,"rap,hip hop",251266
Stan,Eminem;Dido,2005-12-06,"rap,hip hop",404426
Without Me,Eminem,2005-12-06,"rap,hip hop",291213
Eyes on the Road,The Fever,2006,,157000
Promiscuous,Nelly Furtado;Timbaland,2006-01-01,,242293
Maneater,Nelly Furtado,2006-01-01,,258893
Face Down,The Red Jumpsuit Apparatus,2006-01-01,"pop punk,emo",192000
The Good Left Undone,Rise Against,2006-01-01,"punk,hardcore punk",181453
The Diary of Jane - Single Version,Breaking Benjamin,2006-01-01,"alternative metal,post-grunge,rock",200546
Behind Closed Doors,Rise Against,2006-01-01,"punk,hardcore punk",195120
Collapse,Saosin,2006-01-01,"post-hardcore,screamo,emo",195186
Dragula,Rob Zombie,2006-01-01,"industrial metal,industrial rock,alternative metal,metal,nu metal",222986
Eyes On the Road,The Fever,2006-05-02,,157000
Don't Hold Back,The Sleeping,2006-05-30,post-hardcore,272786
Shotgun,The Outline,2006-07-11,,164826
Glamorous,Fergie;Ludacris,2006-09-13,southern hip hop,246600
It's Not Over,Daughtry,2006-10-01,post-grunge,215026
Ride,Presence,2006-10-24,"nu metal,rap metal,italo disco",169013
Crashed,Daughtry,2006-11-20,post-grunge,210213
Tick Tick Boom,The Hives,2007-01-01,garage rock,205413
Golden Skans,Klaxons,2007-01-01,"new rave,alternative dance,indie",165120
Won't Be Long,The Hives,2007-01-01,garage rock,226466
Evil (A Chorus Of Resistance),Project 86,2007-01-01,"christian rock,christian alternative rock,nu metal",183373
Zetsubou Billy,MAXIMUM THE HORMONE,2007-03-14,"j-rock,anime,visual kei",224120
Across the Line,Linkin Park,2007-05-14,"nu metal,rap metal,rock,alternative metal",190186
What I've Done,Linkin Park,2007-05-14,"nu metal,rap metal,rock,alternative metal",205226
Bleed It Out,Linkin Park,2007-05-14,"nu metal,rap metal,rock,alternative metal",164426
Hold Your Colour,Pendulum,2007-05-19,"drum and bass,dubstep",328480
Streamline,Pendulum,2007-05-19,"drum and bass,dubstep",323346
The Weekend - Radio Edit,Michael Gray,2007-06-01,disco house,192173
D.A.N.C.E.,Justice,2007-06-11,"french house,new rave",242266
Stress,Justice,2007-06-11,"french house,new rave",298586
That's What You Get,Paramore,2007-06-12,"pop punk,emo",220480
Misery Business,Paramore,2007-06-12,"pop punk,emo",211520
crushcrushcrush,Paramore,2007-06-12,"pop punk,emo",189373
Flashing Lights,Kanye West;Dwele,2007-09-11,"rap,neo soul",237506
Homecoming,Kanye West;Chris Martin,2007-09-11,rap,203493
D.A.N.C.E. - MSTRKRFT Remix,Justice;MSTRKRFT,2007-10-29,"french house,new rave,electroclash,electro house",280106
I Wish I Was Someone Better,Blood Red Shoes,2008,garage rock,227693
Improvise,Jurassic 5,2008,hip hop,223733
Red Mist,Danny Byrd;IK,2008,"drum and bass,liquid funk,jungle,uk drill",304880
Club Beat Internationale,The Body Snatchers,2008,breakbeat,286000
Re-Education (Through Labor),Rise Against,2008-01-01,"punk,hardcore punk",222453
Let It Rock,Kevin Rudolf;Lil Wayne,2008-01-01,"rap,hip hop",231173
Don't Stop,Innerpartysystem,2008-01-01,,282720
Cash Flow,Ace Hood;Rick Ross;T-Pain,2008-01-01,southern hip hop,262066
Feel Good Drag,Anberlin,2008-01-01,"christian rock,christian alternative rock",187853
We Are Rockstars,"Does It Offend You, Yeah?",2008-04-01,"new rave,alternative dance,electroclash",228946
I Wish I Was Someone Better,Blood Red Shoes,2008-04-14,garage rock,227693
Indestructible,Disturbed,2008-04-29,"metal,nu metal,alternative metal,rap metal,hard rock",278026
Propane Nightmares,Pendulum,2008-05-09,"drum and bass,dubstep",313346
To Protect and Entertain (feat. Murs),Busy P. feat. Murs;Busy P;Murs,2008-06-23,"french house,electroclash,underground hip hop,west coast hip hop",184202
Cry for Help,Shinedown,2008-06-23,"post-grunge,alternative metal,rock",200066
Twist the Knife,Evil Nine / Emily Breeze,2008-10-27,,209093
Wannabe in LA,Eagles Of Death Metal,2008-10-28,"stoner rock,garage rock",135853
Disappear,Bullet For My Valentine,2008-12-09,"metalcore,metal",245160
Meet Me Halfway,Black Eyed Peas,2009-01-01,,284373
I Feel Alive,33Hz,2009-01-20,nu disco,303573
Motion Sickness,Call The Cops,2009-02-19,,179840
Gold Guns Girls,Metric,2009-05-02,,245280
Borderline,Adam Freeland;Brody Dalle,2009-06-08,"big beat,breakbeat,riot grrrl",237179
New Divide,Linkin Park,2009-06-12,"nu metal,rap metal,rock,alternative metal",268613
Intro,The xx,2009-08-16,,127920
One Month Off,Bloc Party,2009-08-23,indie rock,218706
Ignorance,Paramore,2009-09-04,"pop punk,emo",218626
Light Up The Night,The Protomen,2009-09-08,,244226
I Can Talk,Two Door Cinema Club,2009-11-23,"indie,indie rock",177470
It Starts,Alex Metric,2009-11-30,,195918
Wonderman (feat. Ellie Goulding),Tinie Tempah;Ellie Goulding,2010,grime,219080
Young Blood,The Naked And Famous,2010,,246600
Starry Eyed,Ellie Goulding,2010-01-01,,176613
Strobe - Radio Edit,deadmau5,2010-01-01,"edm,progressive house,dubstep",214186
Make Me Wanna Die,The Pretty Reckless,2010-01-01,,235653
Everytime We Touch,Cascada,2010-02-12,"europop,eurodance",197124
On Melancholy Hill,Gorillaz,2010-03-03,,233866
Worst Case Scenario,Suff Daddy,2010-04-16,jazz rap,62946
OK Luv,Starkey,2010-04-19,dubstep,240360
Pleasure Points,Starkey,2010-04-19,dubstep,293720
Crush,Pendulum,2010-05-21,"drum and bass,dubstep",253706
The Fountain (feat. Steven Wilson),Pendulum;Steven Wilson,2010-05-21,"drum and bass,dubstep,progressive rock,progressive metal,art rock",300800
Creeping in My Soul,Cryoshell,2010-06-07,,235207
Bye Bye Babylon,Cryoshell,2010-06-07,,276923
Implosionatic,Hot Hot Heat,2010-06-08,garage rock,152213
BORN FREE,M.I.A.,2010-07-12,,247493
Intimate Confessions,Phonat,2010-08-08,"french house,nu disco",216637
Cooler Than Me - Single Mix,Mike Posner;Gigamesh,2010-08-09,"nu disco,french house,indie dance",213293
Bright Lights - Netsky Remix,Die;Interface;William Cartwright,2010-09-19,"drum and bass,liquid funk,jungle,ebm,industrial",289773
Demons,South Central,2010-10-04,"new rave,dubstep",307782
Stronger,Sigma,2010-10-04,drum and bass,324263
Judgement Day,Danny Byrd;Cyantific;I-Kay,2010-10-11,"drum and bass,liquid funk,jungle",303801
Bright Lights Bigger City,CeeLo Green,2010-10-29,,218280
POWER,Kanye West,2010-11-22,rap,292093
"Derezzed - From ""TRON: Legacy""/Score",Daft Punk,2010-12-03,"french house,electronic,electro",104120
Tokyo (Vampires & Wolves),The Wombats,2011,indie,225526
Derezzed - Remixed by The Glitch Mob,Daft Punk;The Glitch Mob,2011-01-01,"french house,electronic,electro,glitch,dubstep",262240
"Rollin' Down The Freeway feat. Kali, Glasses Malone, Termanology",Statik Selektah;Glasses Malone;Termanology,2011-01-01,"boom bap,west coast hip hop,underground hip hop",204150
Leave Everything Behind,Amaranthe,2011-01-01,"symphonic metal,power metal,metal",197853
Promises,NERO,2011-01-01,"dubstep,dub",257386
Help Is On The Way,Rise Against,2011-01-01,"punk,hardcore punk",237480
She Will,Lil Wayne;Drake,2011-01-01,"rap,hip hop",305840
Ghetto Burnin' - Mmmatthias Mix,Phonat,2011-01-02,"french house,nu disco",304645
On The Floor,Jennifer Lopez;Pitbull,2011-04-29,,284866
Capsize,Dels;Joe Goddard;Roots Manuva,2011-05-02,"experimental hip hop,indie soul,trip hop",238706
This Is Gonna Hurt,Sixx:A.M.,2011-05-03,,236293
Daybreak feat. Tasha Baxter - Original Mix,Brookes Brothers;Tasha Baxter,2011-06-06,"drum and bass,liquid funk,jungle,dubstep",254540
Louder (feat. Sian Evans) - Drumsound & Bassline Smith Remix,DJ Fresh;Sian Evans,2011-07-01,"drum and bass,melodic techno,melodic house",271542
Wasting Away,Tonight Alive,2011-07-11,pop punk,170720
Fire in the House,Hard-Fi,2011-08-22,britpop,252586
Allies,Mutemath,2011-09-27,alternative rock,194693
Allies,Mutemath,2011-09-30,alternative rock,194693
Midnight City,M83,2011-10-17,,243960
Champion Sound - Radio Mix,Crystal Fighters,2011-10-24,,205786
The Road,We Are The Ocean,2012,post-hardcore,221323
Afterlife,Amaranthe,2012-01-01,"symphonic metal,power metal,metal",195000
Another Way Out,Hollywood Undead,2012-01-01,"rap rock,rap metal",167666
Hands On The Wheel,ScHoolboy Q;A$AP Rocky,2012-01-01,rap,197800
Where Are Your People?,We Have Band,2012-01-19,"alternative dance,new rave,electroclash",229542
Bubblegum Bitch,MARINA,2012-04-27,,154666
Dark Star,POLIÇA,2012-04-30,,300520
Champagne Showers,Skip The Foreplay,2012-05-01,"metalcore,post-hardcore,screamo",223106
All I Know - M&F's Rolling Out Radio Mix,Matrix & Futurebound;Luke Bingham,2012-05-06,"drum and bass,liquid funk,bassline",195949
Won't Let Go,Downplay,2012-05-29,,176360
Champion,Clement Marfo & the Frontline,2012-07-20,,176911
Stand Tall,Dirty Heads,2012-09-03,"reggae rock,reggae",191280
Nightmare,Set It Off,2012-09-18,,203213
United - L.A.O.S Remix,Our Stolen Theory,2012-09-21,"liquid funk,drum and bass",324000
Hot Right Now (feat. RITA ORA) - Camo & Krooked Remix,DJ Fresh;Rita Ora;Camo & Krooked,2012-09-28,"drum and bass,liquid funk,drumstep,dubstep",271760
Moody's Shuffle,Hideki Naganuma,2012-10-03,japanese vgm,76569
Humming The Bassline,Hideki Naganuma,2012-10-03,japanese vgm,174983
Grace and Glory - B.B.M.H.Mix,Hideki Naganuma,2012-10-03,japanese vgm,227906
Battle Scars (feat. Lupe Fiasco),Guy Sebastian;Lupe Fiasco,2012-10-12,,249977
Celebrate,Kid Rock,2012-11-16,,241320
Breakout,Cryoshell,2012-11-30,,195981
Lootin In London - Edited Version,RDGLDGRN;Angel Haze,2013-01-01,reggae rock,184706
Lootin In London,RDGLDGRN;Angel Haze,2013-01-01,reggae rock,184680
I Am Electric,Heaven's Basement,2013-02-05,,178050
Deeper Deeper,ONE OK ROCK,2013-03-06,"j-rock,j-pop",216453
Absolute Territory,Ken Ashcorp,2013-03-08,,268571
My Songs Know What You Did In The Dark (Light Em Up),Fall Out Boy,2013-04-12,"emo,pop punk",186826
Explore,Kashuks,2013-04-15,,224160
Reach for the Stars,Major Lazer;Wyclef Jean,2013-04-16,moombahton,246826
Sweater Weather,The Neighbourhood,2013-04-22,,240400
Live It Up,Airbourne,2013-05-17,hard rock,265086
Holy Grail,JAŸ-Z;Justin Timberlake,2013-07-04,"hip hop,east coast hip hop,rap",338413
Lonely Girl,Tonight Alive,2013-09-09,pop punk,191139
Sleepwalking,The Chain Gang Of 1974,2013-09-24,,218693
Rap God,Eminem,2013-11-05,"rap,hip hop",363521
Applause,Lady Gaga,2013-11-11,"art pop,pop",212333
Burn,Ellie Goulding,2014-01-01,,231211
Brain,BANKS,2014-01-01,,282316
Beggin For Thread,BANKS,2014-01-01,,249739
West Coast,Lana Del Rey,2014-01-01,,256760
Funky Radio,REM 'N NISCE,2014-01-02,,169195
Black Out Days,Phantogram,2014-02-18,,227160
So High,Doja Cat,2014-03-11,,201573
Let This Go - Original Mix,Fox Stevenson,2014-03-24,"drum and bass,dubstep,drumstep",340114
Final Masquerade,Linkin Park,2014-06-09,"nu metal,rap metal,rock,alternative metal",217613
Until It's Gone,Linkin Park,2014-06-09,"nu metal,rap metal,rock,alternative metal",233240
2 On (feat. ScHoolboy Q),Tinashe;ScHoolboy Q,2014-10-01,alternative r&b,227000
Holy,PVRIS,2014-11-04,,295653
My House,PVRIS,2014-11-04,,242560
Luxury,Azealia Banks,2014-11-07,"ballroom vogue,hip house",168096
Time of Our Lives,Pitbull;Ne-Yo,2014-11-24,,229358
Medicine,Artist Vs Poet,2014-12-16,pop punk,166451
Turbo Killer,Carpenter Brut,2015,"synthwave,darkwave",208972
idfc,blackbear,2015-02-14,,245172
Party Steady,Yea Big & Kid Static;The Mae Shi,2015-04-24,noise rock,143986
Hometown,Twenty One Pilots,2015-05-15,,234946
Polarize,Twenty One Pilots,2015-05-15,,226786
Lean On,Major Lazer;DJ Snake;MØ,2015-06-01,moombahton,176561
Six Shooter,Coyote Kisses,2015-06-01,chillstep,219800
Why We Lose,Cartoon;Jéja;Coleman Trapp,2015-06-11,,197485
Beautiful Now - Dirty South Remix,Zedd;Jon Bellion;Dirty South,2015-06-16,"edm,progressive house",198750
Faneto,Chief Keef,2015-06-16,"chicago drill,drill",206654
Renegades,X Ambassadors,2015-06-30,,195200
Brighter Than the Sun,Brick + Mortar,2015-07-17,,196286
Throne,Bring Me The Horizon,2015-07-24,"metalcore,emo,rock,screamo,post-hardcore",191520
Throne,Bring Me The Horizon,2015-09-11,"metalcore,emo,rock,screamo,post-hardcore",191520
Avalanche,Bring Me The Horizon,2015-09-11,"metalcore,emo,rock,screamo,post-hardcore",262013
Slam,Onyx,2015-09-25,"east coast hip hop,hardcore hip hop,old school hip hop",220026
Sugar (feat. Francesco Yates),Robin Schulz;Francesco Yates,2015-09-25,tropical house,219043
Stealing Time,Extreme Music,2015-09-25,,172714
The Heart of a Graveyard,Demon Hunter,2015-10-30,"christian rock,metal,metalcore",247520
Hydrogenuine,USS (Ubiquitous Synergy Seeker),2015-10-30,,235013
Cry Baby,The Neighbourhood,2015-10-30,,235160
Daddy Issues,The Neighbourhood,2015-10-30,,260163
Stand!,Junior Prom,2016-01-15,,220733
Victorious,Panic! At The Disco,2016-01-15,emo,178600
"Shiki no Uta (From ""Samurai Champloo"")",Sapphire,2016-03-09,anime,289349
Fool for You,Kilter;Micah Jey,2016-03-11,,221500
Fool For You,Kilter;Micah Jey,2016-03-11,,224000
What If I Go? - Single Version,Mura Masa;Bonzai,2016-03-15,uk r&b,200550
Say It,Flume;Tove Lo,2016-04-21,future bass,262521
Say It,Flume;Tove Lo,2016-05-27,future bass,262521
I Can't Go on Without You,KALEO,2016-06-10,,377000
Dark Necessities,Red Hot Chili Peppers,2016-06-17,"funk rock,alternative rock,rock",302000
No Limit Fallacy,Brandon Yates,2016-07-21,,110625
The Wolf,SIAMES,2016-08-02,,186945
Genius,Written by Wolves,2016-10-28,,213777
Too High to Come Down,Blues Saraceno;Stephen R. Bertrand,2016-11-21,"southern gothic,blues rock,country rock,country blues",187145
Aloha,Møme;Merryn Jeann,2016-11-25,,218480
Starboy,The Weeknd;Daft Punk,2016-11-25,"french house,electronic,electro",230453
feel good,jamvvis;Lord Apex,2016-12-24,"breakcore,jungle,jazz rap",243748
What You Deserve,No Resolve,2017-01-06,,250661
We Are,ONE OK ROCK,2017-01-13,"j-rock,j-pop",255400
No Roots,Alice Merton,2017-02-03,,237053
Byte,Martin Garrix;Brooks,2017-04-07,"edm,progressive house,electronica,future house",285089
i miss the old u,blackbear,2017-04-21,,211127
Gravity,Defences,2017-05-26,,188360
Falling in and Out of Numb,ESSEX,2017-06-27,witch house,143431
Crim35,ESSEX,2017-06-27,witch house,175384
What If I Go? (feat. Bonzai),Mura Masa;Bonzai,2017-07-14,uk r&b,195466
Last Resort and Spa,Battle Tapes,2017-07-14,,254269
Fuck Love,XXXTENTACION;Trippie Redd,2017-08-25,"emo rap,melodic rap",146520
Half,PVRIS,2017-08-25,,269560
Scarred Heart,Vexaic,2017-10-16,chillstep,243893
My Hero,MAN WITH A MISSION,2017-11-01,"anime,j-rock,j-pop",263493
The Last Of The Real Ones,Fall Out Boy,2018-01-19,"emo,pop punk",230400
"After The Storm (feat. Tyler, The Creator & Bootsy Collins)","Kali Uchis;Tyler, The Creator;Bootsy Collins",2018-04-06,funk,207454
lovely (with Khalid),Billie Eilish;Khalid,2018-04-19,,200185
92 Explorer,Post Malone,2018-04-27,,211426
When Legends Rise,Godsmack,2018-04-27,"alternative metal,nu metal,hard rock,rap metal,metal",172826
Gonna Love Me,Teyana Taylor,2018-06-23,,166997
Feels Like Summer,Childish Gambino,2018-07-11,,297404
just friends,potsu,2018-07-17,lo-fi,172800
stay sane,Pink Siifu,2018-08-14,experimental hip hop,165493
Burn the House Down,AJR,2018-09-21,,212689
Morph,Twenty One Pilots,2018-10-05,,258853
Mo Bamba,Sheck Wes,2018-10-05,,183906
Moth,Normandie,2018-10-26,,218538
Dead,Normandie,2018-10-26,,236000
YEAH RIGHT,Joji,2018-10-26,,174357
Can't Stop Falling in Love,W O L F C L U B;INDIGO,2018-11-16,"synthwave,synthpop,vaporwave",194400
Raging on a Sunday,Bohnes,2018-11-23,,208880
"Elevate (feat. Denzel Curry, YBN Cordae, SwaVay, Trevor Rich)",DJ Khalil;Denzel Curry;Cordae;SWAVAY;Trevor Rich,2018-12-14,,219400
Gravity Hurts,Cryoshell;Brinck,2018-12-14,dansk pop,271836
Into The Light,Notaker;Karra,2019-01-31,,201340
Power Slam,Paradelous,2019-02-03,synthwave,307746
11 Minutes (with Halsey feat. Travis Barker),YUNGBLUD;Halsey;Travis Barker,2019-02-14,rap rock,239507
365,Zedd;Katy Perry,2019-02-14,"edm,pop",181899
Cheap Love,To the Rats and Wolves,2019-02-22,"metalcore,post-hardcore",225840
Breakfast in Bed,Rayana Jay,2019-03-22,alternative r&b,116059
Cold-Blooded,Zayde Wølf,2019-04-05,,215232
Cringe,Matt Maeson,2019-04-05,,216213
Dead - DnB Version,Normandie,2019-04-26,,246705
Figuratives,MODERNS,2019-04-26,"synthwave,synthpop",208026
By Your Side,Awaken I Am,2019-04-26,"post-hardcore,metalcore",200546
Personal,Emotional Oranges,2019-05-10,indie r&b,225200
Lay Down,Killrude,2019-05-24,,170178
Disco,Surf Curse,2019-06-12,indie,152760
Godless,BANKS,2019-07-12,,190066
Stroke,BANKS,2019-07-12,,206360
Rebels,Call Me Karizma,2019-07-26,,135899
Worth the Fight,No Resolve,2019-08-09,,222133
The Runner,Foals,2019-10-18,indie,261936
What If?,daste.,2019-10-29,,181999
Mama Saturn,Tanerélle,2019-11-02,,218881
Streets,Doja Cat,2019-11-07,,226978
At the Wheel,Colorblind,2019-11-15,,232926
Mesmer,Valiant Hearts,2019-11-15,"post-hardcore,metalcore",281812
Andromeda,LXST CXNTURY,2019-12-26,"drift phonk,phonk,witch house",216882
Sandcastles,Sever,2019-12-26,metalcore,224470
Orbit,Overcrest,2020-02-01,"synthwave,chillwave,vaporwave",195000
4ÆM,Grimes,2020-02-21,art pop,270982
Akira,Exyz;Namadzu,2020-02-23,,130441
Blinding Lights,The Weeknd,2020-03-20,,200040
Rob Kubica: Daddy's Cash,Sim Dane;Lil Ocon;Alfonso;Gangsta Guenther,2020-04-02,,207516
Monsters (feat. blackbear),All Time Low;blackbear,2020-04-03,"pop punk,emo,punk",174067
Sbinnala Vettel: All I Do Is Win,Sim Dane;Rob Kubica,2020-04-15,,188839
Welcome 2 Tokyo,KUROKI;Zeph,2020-05-15,,84031
yankee and the brave (ep. 4),Run The Jewels;El-P;Killer Mike,2020-06-03,"hip hop,experimental hip hop,southern hip hop,alternative hip hop",146573
PLANET'S MAD,Baauer,2020-06-19,edm trap,174520
My Woman,Biting Elbows,2020-06-26,,197125
Maniac,Rising Insane,2020-06-26,metalcore,235778
Lock Me Up,Paloma,2020-06-26,,206017
glow worms,ivri;Naveih,2020-06-28,,115215
Guenther Haas Returned,Sim Dane;Perez,2020-07-07,,166588
Gangsta Guenther Rap Made Me Do It,Sim Dane;K-Mag;Robert Kubica,2020-07-07,,144117
Rockstar Freestyle,Sim Dane,2020-07-07,,62527
Get Rich Energy or Die Tryin',Sim Dane,2020-07-07,,189216
Hate Me,Ellie Goulding;Juice WRLD,2020-07-16,"melodic rap,emo rap",188066
People I Don't Like,UPSAHL,2020-07-17,,142765
Your Love (Déjà Vu),Glass Animals,2020-08-07,,234372
Rock You (Lenno Remix),Dirty Loops;Lenno,2020-08-07,"jazz funk,jazz fusion,nu disco",205440
Quantum Physics,Ruby Waters,2020-10-16,,158810
Dirty,grandson,2020-12-04,,208296
Caught in a Dream,PALASTIC;LissA,2020-12-18,deep house,165500
Who's Ready for Tomorrow,RAT BOY;IBDY,2020-12-18,,116161
Daddy's Cash Pt. II,Sim Dane,2020-12-27,,214204
Jericho,Normandie,2021-02-19,,214436
Babylon,Normandie,2021-02-19,,245538
Portrait Of You,A.M.R,2021-02-19,"progressive house,melodic house,organic house",225625
Mindreader,A Day To Remember,2021-03-05,"metalcore,post-hardcore,pop punk,screamo,emo",173520
Separated,IAMNOBODI,2021-03-11,,98461
Dope Lovers,DPR IAN,2021-03-11,k-rap,200373
Set Me Off,DAMN NATION,2021-04-08,,226645
Afterlife,Holding Absence,2021-04-16,"metalcore,post-hardcore,melodic hardcore",226546
Numa Numa 2,Dan Balan;Marley Waters,2021-04-20,"europop,latin r&b",203774
They Say,YNG Martyr;Sophiya,2021-05-14,,140933
Oh Nah Yeah,CHAII;Party Favor,2021-05-21,edm trap,130082
Saturday,Twenty One Pilots,2021-05-21,,172232
In The Sun,Caius,2021-06-04,stutter house,152000
Love Symphony,Lukas Mirrr,2021-06-08,,147500
Make an Entrance,All Fires,2021-06-22,,187000
STAY (with Justin Bieber),The Kid LAROI;Justin Bieber,2021-07-09,,141805
Seize the Power,YONAKA,2021-07-15,,161617
Sleepwalking,Chiiild,2021-07-23,"indie r&b,alternative r&b",165720
Drowned in Emotion,Caskets,2021-08-13,"metalcore,post-hardcore",222567
Phoenix,Netrum;Halvorsen,2021-08-20,,238184
I Wanna Kno,2 Mello,2021-08-24,,254379
Run,OneRepublic,2021-08-27,soft pop,168259
Something About You,Eyedress;Dent May,2021-08-27,,153312
Sink In,Byegone,2021-09-28,,162601
snowflake (feat. Jaden & Sarcastic Sounds),Powfu;Jaden;Sarcastic Sounds,2021-10-08,lo-fi,187500
Wild Horse,Darci,2021-10-08,dark r&b,156521
Dream,Alex Lustig,2021-10-15,,159108
Welcome to the Republic,Justin Boreta;Edward Ma;Josh Mayer,2021-10-22,,193159
Good Ones - THAT KIND Remix,Charli xcx;THAT KIND,2021-11-02,"hyperpop,art pop",160666
Sundancer,Douran,2021-11-02,melodic house,325568
Sunshine,OneRepublic,2021-11-10,soft pop,163854
Boardwalk,Hippie Sabotage,2021-12-03,,359084
Cure For Me,AURORA,2022-01-21,"norwegian pop,art pop",201640
Supernova,Valiant Hearts,2022-01-28,"post-hardcore,metalcore",240000
In Your Body,¿Téo?,2022-02-16,,203777
Ready Set,Joey Valence & Brae,2022-02-25,,178543
Just Pretend,Bad Omens,2022-02-25,metalcore,204676
Broken Belief,Bob Moses,2022-03-04,,250802
Hung Up,The Mysterines,2022-03-11,indie rock,204973
RUNRUNRUN,Dutch Melrose,2022-03-25,dark r&b,140751
Fire,Juno Dreams,2022-04-10,"synthwave,chillwave,vaporwave",238092
Forever,Joe Turner,2022-04-13,,216285
Darling,DVRST;monrxe,2022-05-13,"phonk,drift phonk",218969
Inside Out,Ravyn Lenae,2022-05-20,"alternative r&b,indie soul",251133
"My Dream, My Agony",Sever,2022-05-26,metalcore,244695
Misery,Memphis May Fire,2022-06-03,"metalcore,post-hardcore,screamo",192176
Dead Inside,Future Palace,2022-06-10,metalcore,204040
Cleopatra,Nova Twins,2022-06-17,,210200
Antagonist,Nova Twins,2022-06-17,,186173
Choose Your Fighter,Nova Twins,2022-06-17,,135466
Hot Mess,Friday Pilots Club,2022-06-23,,190813
2 DOGS 1 LEASH,Noah Guy,2022-07-29,,162461
Backlight,Ado,2022-08-10,"j-pop,anime,vocaloid,j-rock",237666
Grand Theft Audio,Tommy Vext,2022-08-19,,194287
Slow Stride,YOUTH 83,2022-08-19,"synthwave,chillwave,vaporwave",174592
fool me once,nightlife,2022-08-26,,259252
HEARTBEAT,Isabel LaRosa,2022-08-26,,124959
SALTWATER SKY,FISHLORD;Nafets,2022-09-02,,136374
Flashlights - Single Version,Wilee;Øneheart,2022-09-10,"phonk,drift phonk,dark ambient,ambient",139434
Time Machine,Muni Long,2022-09-23,,222095
Tread Carefully,Everrest,2022-09-28,,230062
2000,vowl.;Sace,2022-09-29,witch house,99072
Death Battle: Hedge of Tomorrow,Brandon Yates;Logan Adams,2022-10-02,,201299
Passenger,Boston Manor,2022-10-14,pop punk,206922
Foxglove,Boston Manor,2022-10-14,pop punk,218552
C’est La Vie (with bbno$ & Rich Brian),Yung Gravy;bbno$;Rich Brian,2022-10-28,indonesian hip hop,160161
Glitch In The Simulation (with salem ilese),Gryffin;salem ilese,2022-11-04,"edm,melodic bass,future bass",151030
I'm in Luck,tomy wyne,2022-11-11,,191489
She Got A Man,Emotional Oranges,2022-12-09,indie r&b,166498
A Sea of Stars (Miami Nights 1984 Remix),W O L F C L U B;Miami Nights 1984,2022-12-13,"synthwave,synthpop,vaporwave,chillwave",211200
Hold Me,Hojean,2022-12-28,,163689
Miss You,Nu Aspect;Jamis;Poppy Baskcomb,2023-01-13,"deep house,big room,drum and bass",194107
Lost,Le Youth;Jerro;Lizzy Land,2023-01-19,melodic house,287812
Painkiller,Sick Joy,2023-01-19,,167948
NOTHING IS FOREVER,HAARPER,2023-01-26,"trap metal,drift phonk,horrorcore",152316
Violet,Connor Price;Killa,2023-01-27,,122880
Afterparty Lover,Kenya Grace,2023-02-16,,141155
Waves,Solence,2023-02-17,,192959
only wanna dance,almost monday,2023-02-24,,144391
Akari,Neko Kedi,2023-03-03,"lo-fi beats,lo-fi",162000
The Machine,Reed Wonder;Aurora Olivas,2023-03-17,dark r&b,192000
Heartbreak Feels So Good,Fall Out Boy,2023-03-24,"emo,pop punk",217537
Heaven Without You,KID BRUNSWICK,2023-04-13,,175240
Daylight,David Kushner,2023-04-14,,212953
dopamine,Madelline,2023-04-19,,165461
Foreword,Alfa Mist,2023-04-21,"nu jazz,jazz rap,indie jazz,jazz fusion,jazz",403933
Headache (sped up),Asal,2023-05-05,,163925
If Only,Battle Tapes,2023-05-05,,254262
Wake Up,SwuM;Øneheart,2023-05-05,"lo-fi,lo-fi beats,lo-fi hip hop,dark ambient,ambient",141971
Charismatic,Hailey Knox,2023-05-12,,184736
Slow Heart,TWIN XL,2023-05-19,,191767
Right Thing,Bayonne,2023-05-26,,222773
night drive (200mph),arya x,2023-06-01,dark r&b,111219
"Am I Dreaming (Metro Boomin & A$AP Rocky, Roisee)",Metro Boomin;A$AP Rocky;Roisee,2023-06-02,rap,256026
Intermission,Ford Chupik,2023-06-09,,166050
run.,arya x,2023-06-24,dark r&b,122352
Cluster A - fusq Remix,in the blue shirt;fusq,2023-07-14,future bass,144000
Speed Drive,Charli xcx,2023-07-21,"hyperpop,art pop",117809
Ritmo De La Noche (Vamos A La Playa),W&W;AXMO,2023-07-28,"big room,edm,hardstyle,hypertechno",171555
Designer,Balu Brigada,2023-07-28,,190933
Be Somebody (feat. Tkay Maidza),Emotional Oranges;Tkay Maidza,2023-08-11,"indie r&b,alternative r&b",141780
Wrong Hands,Emotional Oranges,2023-08-11,indie r&b,189960
Libra,Sci-fi Lofi,2023-08-20,,223783
LOVELY BASTARDS,ZWE1HVNDXR;yatashigang,2023-08-25,"phonk,brazilian phonk,drift phonk",116104
Super Smash Bros.,BABY GRAVY;Yung Gravy;bbno$,2023-08-25,,153421
Masquerade,Tears to Embers,2023-08-31,,253333
Needs,Tinashe,2023-09-08,alternative r&b,146791
DANCE NOW,Joey Valence & Brae,2023-09-08,,130343
Comes in Two,Munan,2023-09-13,,214850
Stuck,Thirty Seconds To Mars,2023-09-15,,182746
greedy,Tate McRae,2023-09-15,,131872
Paint The Town Red,Doja Cat,2023-09-20,,230466
Belle,dublon,2023-09-29,jazz house,145128
Already Over,Mike Shinoda,2023-10-06,,160640
Saving Up,Dom Dolla,2023-10-06,"house,tech house",207514
Restless Mind,Steven Beddall,2023-10-12,,176588
Human,Lavern,2023-10-13,stutter house,133636
Happier (feat. Oli Sykes of Bring Me The Horizon),YUNGBLUD;Oli Sykes;Bring Me The Horizon,2023-10-17,"metalcore,emo,rock,screamo,post-hardcore",204458
Doubt,RISSA,2023-10-20,,120509
Irresponsible,Emei,2023-10-20,,124751
WEATHERED,SAILORR,2023-10-25,,109279
Evil People,Set It Off,2023-10-27,,204051
Moments,MOIO,2023-10-27,,247190
c u never,tomcbumpz;piri,2023-11-06,"lo-fi hip hop,uk garage,rally house,liquid funk,drum and bass",175806
I Just Need (with Lyrah),Daniel Allan;Lyrah,2023-11-10,"stutter house,uk garage",146165
Thought,AGST,2023-11-28,,216494
Truth or Dare,Tyla,2023-12-01,afrobeats,190392
drifting,Night Tapes,2023-12-01,"dream pop,lo-fi indie",212440
you & i - sped up,lucidbeatz;Emilia Ali,2023-12-01,,133399
Standing Next to You (USHER Remix),Jung Kook;USHER,2023-12-01,"k-pop,r&b",214760
hurt my feelings,Tate McRae,2023-12-08,,122416
PREDATOR,YONAKA,2024-01-02,,171506
Half of forever,Henrik,2024-01-05,"christian folk,folk pop",153250
Never enough,AnDy Darling,2024-01-11,,138055
Healing.,Misc.Inc;Oliver River,2024-01-19,"lo-fi,lo-fi hip hop,lo-fi beats,stutter house",178000
spite,Charlotte Sands,2024-01-24,,187596
Autumn Remains,Drics,2024-01-24,,140826
CUTE DEPRESSED,Dyan Dxddy,2024-02-02,"phonk,brazilian phonk",96946
Hourglass (feat. Dani Winter-Bates),Normandie;Bury Tomorrow,2024-02-09,"metalcore,metal,deathcore",301396
Dance Around Me,Vanglowe,2024-02-09,,234626
breath away,Artemas,2024-02-09,,166849
Blood In The Water,Normandie,2024-02-09,,214830
kinda smacks,Royal & the Serpent;GAYLE,2024-02-14,,136601
Selfish,RONEN,2024-03-01,emo rap,80007
Stellar,Lunar Lo-Fi;Don Diablo,2024-03-01,"future house,edm",125000
Halfway There,Victor Ray,2024-03-06,,195862
Bloom,Galdive,2024-03-08,"indonesian r&b,indonesian indie",233095
Strangers,Kenya Grace,2024-03-21,,172964
Only In My Mind,Kenya Grace,2024-03-21,,161137
My Baby Loves to Dance,Kenya Grace,2024-03-21,,197165
11th Hour,Hailey Knox,2024-03-22,,165026
Diamondz n Roses,VaporGod,2024-03-27,jersey club,264263
Premier Inn,Good Kid,2024-03-27,,212543
"Player Two - From ""Don't Tell Mom The Babysitter's Dead""",Jordan Ward,2024-04-12,alternative r&b,158057
Other Side,AVAION;BUNT.,2024-04-19,"stutter house,deep house",206884
Eternal Eclipse,Kent Osborne,2024-05-01,"trap metal,horrorcore",78857
Seven,Koreless,2024-05-07,idm,355061
We Don't Wanna Talk,Friday Pilots Club,2024-05-09,,159800
WILDFLOWER,Billie Eilish,2024-05-17,,261466
RATATATA,BABYMETAL;Electric Callboy,2024-05-23,"j-rock,metalcore,metal",216428
Overcompensate,Twenty One Pilots,2024-05-24,,236000
Backslide,Twenty One Pilots,2024-05-24,,180000
it boy,bbno$,2024-05-24,,146432
Heaven,Culture Wars,2024-05-30,,190490
Burning,Tems,2024-06-06,"afrobeats,afro r&b,alté,afrobeat",175237
Dreams,RUBII,2024-06-07,,141220
So Cold,Balu Brigada,2024-06-07,,201133
OK,Joey Valence & Brae,2024-06-07,,143326
Move,Adam Port;Stryv;Keinemusik;Orso;Malachiii,2024-06-07,"afro house,house,afro tech,melodic house",177598
TORE UP,Don Toliver,2024-06-14,,126986
Change,LAUREL,2024-06-14,,222800
midnight escape,sellar,2024-06-16,"lo-fi,lo-fi beats",180791
Voodoo,VOILÀ,2024-06-21,,157000
HOT OUTSIDE (feat. Anycia),Emotional Oranges;Anycia,2024-06-26,"indie r&b,sexy drill",156413
Peak,Emotional Oranges,2024-06-26,indie r&b,168226
Dopamine (Split Brain Version),Madelline,2024-06-28,,165461
Shiki no Uta (Single),MINMI,2024-07-03,j-r&b,302000
Big Dawgs,Hanumankind;Kalmi,2024-07-09,"malayalam hip hop,desi hip hop",190666
Choose UR Fighter,JoJo Siwa,2024-07-12,,129186
Oh No :: He Said What?,Nothing But Thieves,2024-07-19,,228138
Chewy,sloh rou;ron quixote,2024-07-19,"lo-fi beats,lo-fi",149823
at least I mean something to you,Asal,2024-08-02,,184070
In a Night,Asal,2024-08-02,,145847
Want To Love - Just Raw,Aloboi,2024-08-09,,82000
Must Have Been A Dream,Computer Kill,2024-08-10,"darkwave,post-punk",240882
dance with me,lucidbeatz,2024-08-16,,126408
Murdergram Deux (feat. Eminem),LL COOL J;Eminem,2024-08-30,"old school hip hop,east coast hip hop,rap,hip hop",185456
Murdergram Deux (feat. Eminem),LL COOL J;Eminem,2024-09-06,"old school hip hop,east coast hip hop,rap,hip hop",185456
ten,Fred again..;Jozzy,2024-09-06,"stutter house,house,edm",181545
places to be,Fred again..;Anderson .Paak;CHIKA,2024-09-06,"stutter house,house,edm,alternative r&b",226677
Night,keshi,2024-09-13,,179906
can't slow down,almost monday,2024-09-25,,175720
Endlessly - Yotto Remix,CamelPhat;Nadia Ali;YOTTO,2024-09-26,"melodic techno,house,progressive house,melodic house,tech house,trance,deep house",268294
THOUGHT YOU WERE THE ONE,Tommy Richman,2024-09-27,,178218
Hiding,Ben Böhmer;Lykke Li,2024-09-27,"melodic house,melodic techno,progressive house,deep house",222092
The Deep,Lane 8;Art School Girlfriend,2024-09-27,"melodic house,progressive house,deep house",331935
PARADIGM,Avara;Deb Fan,2024-10-04,,195428
Burning Rubber,Jordan Ward;Joony,2024-10-04,alternative r&b,142666
Hurts Like Hell,Hands Like Houses;Normandie,2024-10-09,"post-hardcore,metalcore",221258
Gravity,Martin Garrix;Sem Vox;Jaimes,2024-10-18,"edm,progressive house,electronica,afro house",285472
Start Me Up - nuphory Remix,MAR VISTA;Kellin Quinn;nuphory,2024-10-23,"hard house,uk garage,pop punk,rally house,breakcore,jungle",183048
burn,Natan Keller,2024-10-23,"stutter house,tropical house",163125
Dystopia,ONE OK ROCK,2024-10-25,"j-rock,j-pop",189897
Night Charade,Galdive,2024-11-01,"indonesian r&b,indonesian indie",188297
Beyond the Stars,D0d.;Nothingtosay,2024-11-11,"lo-fi,lo-fi beats,lo-fi hip hop",154075
i saw the sine,CloudNone;Direct,2024-11-15,chillstep,138181
FADED,SAY3AM;Bi66ie,2024-11-15,"phonk,drift phonk,witch house",126233
April - Emotional Oranges Version,Local Natives;Emotional Oranges,2024-12-06,indie r&b,158253
NIGHT OFF,Isaiah Falls;Sasha Keable,2024-12-13,"dark r&b,uk r&b",173445
Shout It Out,BLOND:ISH;Night Tales,2024-12-13,"afro house,techengue,latin house",188739
nothing left 2 say,camoufly;Dazegxd,2024-12-13,"uk garage,stutter house,breakcore,jungle,rally house",195890
W1LL U L13?,SAILORR,2024-12-13,,139399
The Bottom 3,Glorb,2024-12-20,,191126
Monsters,Nova Twins,2025-01-20,,211786
Come Fight Me For It,ALT BLK ERA,2025-01-24,,221206
Run Rabbit,ALT BLK ERA,2025-01-24,,186822
Suffocate,Everrest,2025-02-12,,202928
Water,Raveena,2025-02-28,"alternative r&b,indie soul",334640
antidepressants,bbno$,2025-02-28,,118608
Pledge,Devvy Dub,2025-03-13,,147456
Stained,Selena Gomez,2025-03-28,,209838
Feel It,d4vd,2025-04-25,,157974
Tartan,Fimiguerrero;Reekz MB,2025-05-02,"alté,uk drill,drill,grime,uk grime",109773
Piranha,Nova Twins,2025-05-14,,168960
LOVE BITE,Dutch Melrose;Ashley Sienna,2025-05-23,dark r&b,158250
Tartan,EsDeeKid;Fimiguerrero,2025-06-19,alté,109714
Just Keep Watching,Tate McRae,2025-06-27,,142550
Don't Let Me Drown,Burna Boy,2025-06-27,"afrobeats,afrobeat,afropop,afroswing,dancehall,afropiano",185590
Snow on The Bluff,Evening Elephants,2025-06-27,,186070
Underdog,Roddy Ricch,2025-06-27,melodic rap,142328
HOT SENS4TION,BONESAW,2025-06-30,breakcore,225433
Music Sounds Better With You,Heliograph;CVALM;The High,2025-08-22,"afro house,electro swing",197355
Hide & Seek,Nova Twins,2025-08-29,,178586
Star Signs,Bryson Tiller,2025-10-02,"trap soul,r&b",204308
Rome Is Burning,Worakls;Apashe;Wasiu,2025-10-09,"minimal techno,melodic techno,electro",231300
WE ON GO,BIA,2025-10-14,,168533
The Night (I Wanna Know),Quentyn,2025-11-07,"synthpop,indie dance,indie electronic,french indie pop,progressive house,electropop",155883
Tissues,ALT BLK ERA,2026-02-04,,128178
Let Me,Victoria Monét,2026-02-11,alternative r&b,291513
Kiko Vox,BONESAW,2026-02-21,breakcore,211656
